name,email,score,approved
Leuschke,stefania@hoeger.info,636,0
Funk,herb@heidenreich-schowalter.name,638,1
Anderson,davis@schultz.com,778,0
Bartoletti,yong@parker.com,333,0
Satterfield,pamela.larson@oconner.org,357,0
Gleichner,milo@adams.info,698,1
Dooley,sammy_friesen@kunze.org,536,1
Willms,hobert.welch@balistreri-carter.name,355,0
Torphy,russell.koepp@koelpin.info,584,0
Armstrong,adena@bode.net,410,0
Oberbrunner,rashad@greenholt.io,637,0
Abshire,percy@johnson-johns.name,728,1
Goodwin,cierra_witting@welch.name,702,1
Schmeler,miguelina@fisher-corkery.com,761,1
Spencer,lucas@johnston-ward.co,409,0
Moore,hong@kreiger-toy.io,329,0
Kutch,waylon@halvorson-kling.com,487,0
Kihn,bettina_cassin@schulist-dicki.co,522,1
Turner,willena_kirlin@connelly.org,660,0
Bechtelar,monty.halvorson@mayert.net,717,1
Medhurst,rogelio@luettgen.net,354,0
Schuppe,jan@ledner-lind.net,637,0
Morissette,hector@bayer.biz,562,0
Schuster,cuc.keebler@braun-johnston.co,661,0
Connelly,milan.renner@langosh.net,692,0
Stoltenberg,nery_beatty@carter-bogan.info,825,1
Leuschke,ian.bosco@huel.org,795,0
Casper,walton_buckridge@barton.net,411,0
Veum,annis.russel@schinner-wintheiser.com,445,0
Zboncak,verdell@walker.io,811,1
Cronin,marquis@bashirian.co,741,0
Lesch,broderick@mcdermott.biz,366,0
O'Reilly,gilberto@bartell.name,415,0
Cronin,bennett.ortiz@parisian-cormier.biz,633,1
O'Reilly,lester@willms.name,508,1
Kunze,everette@bauch.biz,760,0
Doyle,ira_rau@funk-yost.org,624,1
Schneider,elias@jacobson-stanton.com,807,1
Stanton,candance@little-prosacco.net,671,1
Lemke,malcom_ebert@willms.org,649,1
Pfeffer,mayme_cummings@kautzer.co,803,0
Wyman,gilbert_conn@lindgren-will.org,625,0
Littel,kim@spencer.io,641,1
Hilll,sterling_glover@renner-osinski.co,340,0
Goodwin,shawna_swift@greenfelder.net,444,0
Skiles,porfirio_barton@rath.net,470,0
Mitchell,ulysses@simonis-ullrich.biz,436,0
Schamberger,willie@pollich.co,628,1
Carter,rebekah@weber.org,716,1
Cartwright,hulda.kris@nader.io,592,1
Lakin,anitra.wolf@fadel-nader.net,383,0
Lakin,rheba@runte.co,796,0
Luettgen,kaitlin_senger@rowe.name,694,0
Flatley,joel@auer.io,812,1
Wuckert,vernita_metz@dicki-koch.com,649,1
Okuneva,lakenya_greenholt@lakin.info,705,1
Hilpert,krystal_stark@parisian.org,587,1
Collins,lakeisha@kreiger-reinger.com,557,1
Bednar,jules.reynolds@kiehn.com,452,0
MacGyver,king@bahringer-greenfelder.biz,523,1
Feeney,tod.kutch@crist-gulgowski.org,569,1
Lehner,matt.lang@lesch.com,472,0
Bogisich,lahoma@lynch-watsica.com,732,0
Murray,erlene@franecki.name,825,1
Murray,lauren@schoen.info,709,1
Leffler,tyree.fahey@murphy.biz,639,1
Treutel,september.hamill@wuckert.org,507,1
Conn,latisha.stroman@howe.co,801,1
Batz,cliff@johns.com,559,1
Nicolas,elane@ortiz-cole.io,309,0
MacGyver,merry_damore@zulauf.name,640,1
Leffler,juliana.heathcote@leffler-cummings.name,303,0
Hagenes,joey@dooley.net,676,0
Glover,merlyn@schneider-turner.net,673,1
Hartmann,lamont@stehr-kemmer.name,584,1
Trantow,allegra@hoeger-wiegand.co,381,0
Breitenberg,carey_nienow@lakin.net,685,0
Roberts,nicolas@west.biz,691,1
Dickinson,rhoda@schroeder.org,525,1
Gulgowski,garret@stamm.name,731,1
Hamill,rossana_denesik@quigley.net,704,1
Simonis,salome.oberbrunner@dach.org,502,0
Barrows,tom_schimmel@prohaska-schultz.io,818,1
McKenzie,elda_breitenberg@lowe.com,579,0
Wilkinson,huey@ortiz.info,604,1
Kessler,everett@goodwin.co,613,1
Flatley,michel@kuphal.org,643,1
Brekke,alva@oconner.net,655,1
Marvin,cara@kohler-rolfson.net,793,0
Dare,chauncey_langworth@kirlin-kuhn.net,330,0
Ebert,abe.hartmann@swift.name,533,0
Mante,silvia@berge-bashirian.info,832,1
Kautzer,dario.carter@kunze.org,579,1
Leannon,ronni_turcotte@kling.info,773,1
Hintz,lavern_lind@emmerich.biz,716,1
Graham,essie.oconner@schoen.com,684,1
Cruickshank,margret.thiel@cummings-white.name,577,0
Stoltenberg,francis_nicolas@terry.name,588,1
Wolf,cleo_stracke@wuckert.info,775,1
Sanford,duncan_beatty@jacobi.biz,573,1
Krajcik,mao@windler-thompson.io,568,1
Auer,kristopher@howell.name,510,0
Howell,angelica@schulist.org,559,1
Champlin,angelena@skiles.net,627,0
Crooks,jeffrey@keebler.org,733,1
O'Keefe,nelida@barrows.com,765,0
Romaguera,chad@roob.co,696,0
DuBuque,philip@osinski-keeling.biz,710,0
Lynch,donnie@breitenberg.biz,783,0
Walker,jaime@paucek-krajcik.io,514,0
Schowalter,logan_kuhlman@morissette-yundt.io,640,0
Kris,stormy_schimmel@goodwin.co,420,0
Bednar,ernie@miller.net,732,1
Roberts,yadira@schamberger-lubowitz.io,588,1
Kiehn,ryann@nitzsche.name,835,1
Strosin,marquita@davis-nader.net,784,0
Rogahn,serafina.huel@stiedemann-mclaughlin.info,389,0
Braun,nia.torphy@zboncak.io,589,0
Kohler,marlon.rodriguez@johnson-konopelski.com,585,0
Mills,barton_hoppe@goldner.io,662,0
Price,lakiesha@ruecker-monahan.co,561,0
Von,elvin@langosh-mitchell.info,499,1
Kuhlman,bettie_pfannerstill@davis.info,677,1
Herzog,otha_kovacek@rippin.net,735,0
Gottlieb,tiffiny.mcclure@krajcik.com,527,1
Simonis,wendolyn@lynch.name,509,1
Hyatt,iesha.oconner@mann.info,459,0
Mante,trevor@kiehn.io,635,0
Will,meri_batz@schmeler-koepp.org,535,1
Kessler,ellan_schowalter@abbott.name,655,0
Ullrich,laronda_graham@greenholt.com,540,1
McGlynn,anabel@zulauf.biz,469,0
Grady,darnell@hansen.co,718,1
Buckridge,john_nicolas@hayes-robel.com,339,0
Rohan,everett@goldner.org,572,1
Weissnat,miquel.bogisich@champlin.co,760,1
Klein,israel.hansen@heidenreich-medhurst.biz,458,0
Gutkowski,reena@mcclure.co,629,0
Schultz,sandy@wisoky-flatley.org,723,0
Flatley,corie.ondricka@stanton.io,802,1
Bayer,rosanna@bergnaum.name,729,1
Shanahan,bo.raynor@mohr.info,558,0
Boyle,wilburn_hodkiewicz@reichel-weber.org,772,0
Feeney,leif_jenkins@shanahan.name,598,0
Deckow,leland.flatley@will.org,611,1
Krajcik,paulita@metz.org,532,0
Hoppe,marlyn.hamill@bergnaum.io,515,1
Jaskolski,esteban@daniel.net,814,1
Cole,shavonne.lockman@schmidt.info,650,0
Bruen,sherryl.lockman@barton.co,604,0
Heidenreich,cole@zulauf-herzog.net,574,0
Dach,brain@west.net,631,0
Bins,doreatha@marquardt.biz,810,0
Harvey,john_waters@turcotte-rippin.io,663,0
Rolfson,graham_koepp@ratke-pollich.com,508,0
DuBuque,fausto.bednar@hirthe-lowe.org,661,0
Roberts,joe.reilly@walter.net,604,1
Douglas,berry_dare@larson.biz,802,1
O'Kon,seema@kunde.co,781,1
Quigley,sook_fay@bogan.com,810,0
Mohr,deedee@klein.name,815,1
Hansen,cyndi.mayer@waters-beier.info,707,1
Bradtke,ardell@gusikowski.com,641,0
Kiehn,gene.renner@rogahn.net,790,1
Beier,marco_farrell@weimann-rohan.net,774,0
Bergnaum,venetta_kiehn@daugherty.net,637,0
Blick,kristian.goodwin@douglas.net,584,1
Gerhold,margart@jakubowski.net,725,1
Paucek,luis@hansen.name,669,0
Lehner,sarai@luettgen-zulauf.name,660,1
Gusikowski,ernesto_dicki@wyman.net,304,0
Gutkowski,carolee.pfannerstill@watsica-boyle.io,516,0
Gottlieb,rosario@conroy-hauck.co,550,1
Bradtke,epifania@zemlak-fahey.co,671,1
Rogahn,cody@kuhlman.info,754,0
Rolfson,ina_swift@will.com,656,1
Nienow,janee@oreilly.biz,766,0
Schoen,sol@fisher.name,751,0
Stanton,jena.yost@keebler.org,722,1
Kulas,kenia.russel@hackett.net,740,0
Schinner,chong@bechtelar.name,710,0
Doyle,gary.hane@schinner-ernser.com,513,1
Okuneva,marian@daugherty.io,632,1
Brakus,terrance.rolfson@grady.name,821,1
Leuschke,elroy.prosacco@cruickshank.org,629,1
Heller,kandra_crona@jacobi-daniel.name,529,1
Hartmann,moshe@littel.co,797,1
Muller,garland.roberts@bernhard.biz,615,1
Lynch,hermine@haley.io,734,0
Hansen,markita@mohr-fisher.biz,803,1
O'Connell,rebecca@aufderhar.info,305,0
Botsford,reggie@ferry.net,341,0
Roberts,otto_gislason@king.name,787,1
Hahn,charles@stehr-kozey.io,801,1
Purdy,anisa@johns.name,788,1
Schinner,delores_brown@metz.co,749,1
Champlin,oscar@nolan.name,596,1
Volkman,columbus.walter@skiles.io,745,1
Price,kris@beahan.info,407,0
Yundt,zachary_pfannerstill@yost-parisian.io,574,1
Streich,bernadette@kilback.co,598,0
Ratke,lizzette_kihn@cremin.info,548,1
Considine,gabrielle@cremin.org,527,1
Runolfsson,preston_lind@abshire-predovic.name,662,1
Wisoky,mark.bosco@ward.com,417,0
Feil,garfield@toy.org,659,0
O'Connell,sydney_dietrich@jacobi.co,593,1
Lueilwitz,kyle@adams-skiles.org,605,0
Waters,shanita@zieme-lemke.co,718,1
Wuckert,erik@weissnat-stokes.net,444,0
Bechtelar,sam@mraz.co,830,1
Hammes,ranee@gorczany.name,387,0
Huel,moses@borer.com,578,1
Dach,cesar.johnson@krajcik.org,753,0
Lehner,mammie@grant-rodriguez.name,460,0
Mitchell,eugene@bauch.net,718,0
Bode,fredia@bartoletti-hermiston.co,551,0
Gleason,tomiko@shanahan.info,398,0
Carter,louie.watsica@jones.biz,751,1
Lynch,alecia@orn.org,791,0
Waters,doug_gottlieb@paucek-dickens.net,713,0
Hansen,juan@sanford.com,695,1
Klocko,lacy@terry.io,635,0
Heaney,keitha@harris-welch.biz,366,0
McLaughlin,scott_king@sporer.com,556,0
Dickens,fermina.dubuque@veum.info,725,1
Renner,aliza@marvin.io,451,0
Paucek,tegan@cole.biz,607,0
Kiehn,lyla@glover.com,798,1
Towne,elaine.ebert@rosenbaum.io,697,1
Tremblay,mahalia_schuppe@mcdermott.co,358,0
Oberbrunner,krista.hand@howell-doyle.io,635,0
Carter,gisele.corkery@ullrich-mayer.biz,697,1
O'Keefe,una@daugherty.org,585,1
Nienow,celena.thiel@sporer-feil.co,433,0
Hamill,roxy_witting@krajcik-lang.com,623,0
Cremin,tennille@terry.net,687,1
Thiel,rolande.bradtke@herman-kautzer.biz,578,0
Jaskolski,aron.nitzsche@dicki.name,628,1
Cole,ted@rodriguez-price.co,794,0
Ernser,carolyne_nitzsche@schmeler.org,718,1
West,clayton.jakubowski@bednar.biz,776,1
Kunde,elly@ledner.net,605,1
Goyette,zachariah@johns-mraz.name,666,0
Stamm,felisha@west.name,818,1
Graham,rodney@hirthe.co,624,1
Dietrich,benton_mclaughlin@carroll.com,434,0
Donnelly,lupe@deckow.info,522,0
Maggio,ray.reynolds@reynolds.org,582,0
Greenfelder,marylyn@weissnat-rohan.info,560,1
Lynch,dotty@lubowitz.info,444,0
Roob,jacqueline.lesch@schuppe.biz,692,0
Mitchell,ai@gleichner.org,718,0
O'Hara,rogelio@hoppe.biz,442,0
Morar,gus@weimann-powlowski.info,513,0
Hahn,love@toy-doyle.info,509,1
Parker,queenie_daugherty@daniel.info,579,1
Bogisich,dagny@okon.org,352,0
Prosacco,cristal_koelpin@schumm.com,582,1
Purdy,constance@stracke-cremin.info,578,1
Will,renda_wisozk@satterfield.net,493,0
Fay,javier.erdman@hirthe-rowe.name,594,1
Hane,margart.keebler@crist.io,313,0
Runte,tyron.conn@dooley-stanton.com,815,1
Kulas,ray@conn.co,324,0
Harber,roberto_jakubowski@deckow.io,698,1
Schinner,marisol@fahey.io,399,0
Streich,sari@torphy.org,602,0
Streich,kemberly.mueller@cormier.co,789,1
Larkin,man.legros@boehm.name,555,1
Wyman,murray.hayes@donnelly.info,507,1
Davis,johnnie.goyette@hintz.io,383,0
Auer,dale@powlowski.io,630,1
Kiehn,reid@koelpin-greenfelder.io,353,0
Moen,alayna@abernathy.net,573,0
Kuhlman,cleta@cummings.com,412,0
Bins,erik@nicolas.com,710,0
Hayes,florrie@pagac.com,528,0
Auer,santiago@dicki.biz,745,1
Wisozk,anibal@bosco.co,822,1
Konopelski,kenyatta_senger@hegmann-waelchi.info,389,0
Schuster,elliot_renner@gleason.info,520,1
Kovacek,myrle_jaskolski@torp.io,638,0
Connelly,mel_green@corwin-huels.com,806,1
Wuckert,viki.connelly@lockman-carter.co,441,0
Volkman,gretchen@bins.org,552,1
Hudson,darron@rowe-schmeler.biz,572,0
Turner,grady_jenkins@swaniawski-keebler.org,526,0
Spencer,damon@goodwin.name,480,0
Roob,anglea@nikolaus.biz,476,0
West,ramiro_johnson@friesen.name,645,1
Botsford,bernardo@adams-klein.name,668,0
Reinger,leandro@reynolds.net,597,0
Hermiston,mckinley@trantow.info,608,1
Veum,william@gulgowski-hirthe.org,733,1
Zboncak,kimberley@dickens.com,763,1
Lueilwitz,barrett_bergstrom@reilly-rutherford.co,362,0
Hagenes,chiquita@wolf.info,838,1
Kuhlman,janine@breitenberg.io,631,0
Hessel,isaac.veum@swift.co,581,0
Lindgren,renaldo@effertz.info,676,0
Wyman,cammie.franecki@adams.info,408,0
Lindgren,jacob_treutel@dickens.org,687,1
Macejkovic,kristofer@kozey.co,379,0
Adams,chandra@roob.com,364,0
Gerlach,ai@lynch.biz,703,1
Ryan,lucius_heller@batz.net,672,1
Leffler,arnold_abbott@kuhn-hackett.io,520,0
Aufderhar,arcelia_schumm@brown.io,396,0
Dickinson,branda.collier@rosenbaum.name,576,0
Wolff,rosia@kreiger-klein.co,765,1
Pouros,garth.west@hamill.io,724,0
Rippin,noma_jacobi@bode-abernathy.co,400,0
Homenick,teodoro.wisoky@hilll.com,716,1
Skiles,lorita.lesch@bayer.co,711,1
Reynolds,dylan@romaguera-little.name,825,1
Klocko,krystin@brakus-senger.org,523,0
Predovic,lora.monahan@jaskolski-kris.biz,692,1
Yost,berry_sporer@hermiston.org,809,0
Adams,eleni@stiedemann-gutkowski.net,738,1
Rosenbaum,kendrick.wyman@cummings.name,647,0
Bernier,denis_nienow@grant.name,479,0
Kuhlman,jung_bergnaum@kshlerin-corwin.com,474,0
Steuber,dave.barton@cummerata.io,641,0
Gottlieb,cruz@torp.org,564,0
Kuhlman,kaitlyn.rau@schneider.net,691,1
Nader,kareen_jacobi@thompson.net,713,0
Langosh,garret.quigley@powlowski-hilll.io,663,1
Harvey,van@olson-smith.io,807,0
Schinner,maris@ryan.io,659,1
Pagac,teodoro.lakin@barton-stark.net,355,0
Klocko,frances@kling-wyman.info,711,1
Conroy,marco_okeefe@mclaughlin.io,751,1
Reichel,peggy_russel@batz.io,723,1
Bailey,sammy@mcclure.org,472,0
Veum,orval_auer@satterfield.io,684,1
Weissnat,trey.price@mcclure.co,816,1
Stracke,guillermo@hyatt-kassulke.info,725,1
Feest,caleb_rath@barton-glover.net,305,0
Kshlerin,bernard@powlowski.co,523,0
Dietrich,chester@goodwin-grimes.org,651,1
Doyle,lynelle@stroman.biz,767,1
Moore,yuko@macgyver.co,683,1
Quigley,camellia_oconner@kihn.com,695,1
Prosacco,ruthie_trantow@schoen-walsh.biz,590,0
Osinski,irwin@moen.biz,802,1
Kutch,chiquita_hagenes@boyle.info,650,0
Homenick,beatrice@damore-bartoletti.net,454,0
Schoen,gene.casper@grimes.com,559,0
Gibson,melvina.dare@adams.io,602,0
Okuneva,roger@oreilly.org,365,0
Goodwin,marcellus@mitchell.biz,821,1
Osinski,kelsie_lakin@altenwerth-hettinger.name,552,0
Sawayn,kacie@jast-gutmann.co,694,1
Tillman,denese@cronin-armstrong.biz,623,1
McCullough,rubin@medhurst-marks.org,546,1
Bruen,stepanie.muller@wehner.biz,682,1
Jones,archie.miller@nader-macgyver.co,499,0
Flatley,alexis@harris.io,731,1
Vandervort,melisa@paucek.org,555,1
Balistreri,wayne@abshire.name,759,0
Hickle,ashley@barton.io,375,0
Raynor,eduardo.friesen@hansen.co,381,0
Jacobs,lee_parisian@botsford.net,499,0
Reichert,shane@sanford-feil.name,715,0
Stamm,jo@schowalter-larkin.co,556,1
Thiel,johnie_strosin@bosco-torp.co,797,0
Miller,starr@roob.io,746,0
Romaguera,mason@block.name,469,0
Bechtelar,jackie@haley-price.net,768,0
Bins,shana@simonis.co,759,1
Hickle,marvel_daugherty@hirthe-mitchell.co,811,1
Towne,clair@lakin.co,798,1
Koepp,archie_feeney@abshire-kohler.io,766,0
Hudson,jason@smith-price.com,316,0
Torphy,rolf@damore-flatley.io,587,1
Schinner,vernia@runolfsson.info,821,1
Nolan,jae_baumbach@kris-torp.org,829,1
Lind,isaura.blick@howe.io,453,0
Kihn,ramiro@cruickshank.info,762,1
Dooley,annamae.conn@kuhn-runte.name,713,1
Towne,stefania@sporer.net,616,0
Koch,nichelle@satterfield.com,638,1
Runolfsson,janeth_bosco@harber.io,630,0
McClure,christoper_raynor@herman.com,509,1
Sipes,isabella@quitzon.info,347,0
Medhurst,kraig.luettgen@padberg.io,684,1
Torp,brianne.corkery@schamberger-fay.org,802,1
Vandervort,marlana.cartwright@bernhard.net,640,1
Kling,reyes_gislason@kohler.co,531,1
Roberts,rubin.nolan@labadie-lemke.info,729,1
Romaguera,elinore.muller@osinski.info,486,0
Crona,emmanuel_jenkins@denesik.name,527,1
Maggio,josh_west@sawayn.net,658,0
Hane,alonzo_gislason@ohara.info,544,1
Satterfield,sid@bartell.name,561,0
Ratke,gilma.lakin@little-dach.org,548,1
Walker,jarod.littel@kutch-mcdermott.co,695,0
Hickle,delmar@tremblay.io,553,0
Treutel,noah.lind@cruickshank-beer.biz,746,0
Kertzmann,ramonita_turner@hoeger.org,378,0
Runolfsson,demetria@cartwright-denesik.info,427,0
Becker,gussie@murphy-zulauf.co,769,1
Rath,mitsue_damore@renner.name,714,1
Fadel,adelia_schiller@lockman-hickle.biz,594,1
Ryan,kittie@ferry.net,471,0
Beahan,kelley.runolfsdottir@prosacco-bergnaum.net,590,1
Kozey,alverta@gleichner-hermann.co,708,0
Lynch,dagmar@upton.info,609,0
Kuvalis,mirta.hartmann@kohler.name,592,1
Daniel,alona_crist@frami.io,676,1
Frami,tommie@crooks.biz,715,0
Hegmann,arie_marks@stiedemann-anderson.co,795,1
Stiedemann,clark@romaguera.org,656,1
Grant,torri_beatty@lockman.co,762,0
Adams,cody.harber@hane-vandervort.info,731,0
Beer,cuc.predovic@goyette.org,715,0
Brown,leandro@muller.io,712,1
Pfeffer,danial_hegmann@champlin.io,784,1
Boehm,dorothea@bernhard-stroman.name,544,1
Halvorson,nelle@hansen.org,679,1
Shields,frederic_lang@bruen.net,581,0
Pagac,effie@hyatt.info,511,1
Hartmann,christin_reichert@little.net,450,0
Ledner,donald_wehner@muller.net,530,1
Renner,hanh@marks.com,433,0
Ledner,buford_hilll@cole-medhurst.org,579,0
Ankunding,olin@dicki-kemmer.io,564,0
Hoppe,garnett@effertz-halvorson.net,371,0
Zieme,adan@koelpin.org,762,0
Hilpert,garrett_okeefe@fay.info,310,0
Nienow,ronnie@hegmann-hoppe.biz,545,1
Reinger,tennille.effertz@donnelly-kassulke.io,557,0
Keebler,dennis_weber@hodkiewicz.biz,545,0
MacGyver,alex_wuckert@ritchie.name,798,1
Fahey,sydney_toy@luettgen.net,789,1
Schultz,meg@kub.org,561,1
Walsh,francisco_sanford@fritsch.info,799,0
McCullough,ike.boehm@haag-kuhn.net,442,0
Schmeler,johnathan@sporer.org,752,0
Schroeder,edward_heathcote@king.io,717,0
Little,patrina@bednar-zulauf.io,747,1
Mertz,adrianne@luettgen.org,799,0
Orn,harvey.walsh@haley-murazik.org,625,1
Weissnat,mitchel_dubuque@roberts-legros.name,572,1
Wiza,harold@macejkovic-treutel.name,526,0
Gerlach,britt_kovacek@klein.co,544,0
Ebert,merideth_zulauf@rolfson.org,482,0
Krajcik,johnny.feil@jacobs.co,521,0
Mueller,keturah.effertz@strosin.com,768,0
Stokes,ian@mann.co,514,1
Block,carolann.kreiger@reynolds.biz,794,0
Pagac,hulda@glover.biz,443,0
Homenick,janina@sanford.io,487,0
Koepp,merlyn_gibson@crooks-anderson.biz,676,1
Littel,pasquale@herzog.co,620,1
Torp,darcie@kuhic-littel.com,598,1
Adams,maribeth@kuhlman.biz,509,1
Parker,cristina_kub@hills-yost.biz,362,0
Stracke,lindsey.stracke@funk-murphy.com,331,0
Goodwin,roger@turner.io,596,0
Lynch,milton@schroeder.com,490,0
Goodwin,sergio@wolff.name,581,1
Collins,irving@walter.net,779,1
Boyle,elvia.schaden@mosciski.net,746,1
Heaney,halina.keeling@wehner.org,710,1
Huels,margert.little@konopelski.org,806,0
Heller,inger.blanda@schoen-ruecker.org,822,1
Donnelly,jerald@casper.org,704,1
Huel,lowell_koch@hills.com,702,1
Oberbrunner,jina_ankunding@gleason.net,768,1
Spencer,devona@daugherty-smitham.io,583,1
Greenholt,carmine@bashirian-durgan.co,373,0
Little,fermin.spinka@hyatt.net,643,1
Ebert,major_breitenberg@stehr.io,413,0
Lehner,nubia_kiehn@altenwerth.name,604,1
Spinka,merlin_hegmann@gerlach.name,530,0
McDermott,shemeka.mcglynn@nikolaus.com,815,1
Altenwerth,kieth_hamill@hayes.info,459,0
Grady,chia@spinka-champlin.name,575,1
Bartell,wilford@harber-thiel.net,649,1
Kuvalis,kristopher.feil@stokes-simonis.net,763,1
Jaskolski,dolores.bogisich@koepp.io,558,0
Kuhn,willian.mraz@bosco-kunze.com,816,1
Johnston,marcos@cummings.io,548,0
Towne,ronald@ryan.co,647,0
Gottlieb,kerry_koss@funk.com,634,0
Daugherty,leonila@balistreri.name,807,0
Schroeder,helene@lubowitz-thompson.org,789,1
Lesch,bernardine@bailey-huel.org,766,1
Rowe,reuben_weissnat@bergstrom-lowe.net,806,0
Pfeffer,mary.schowalter@fadel.io,320,0
Okuneva,devon@nitzsche.co,673,0
Armstrong,carl@lockman.com,369,0
Bergstrom,rosendo@ward.org,340,0
Boyer,meri@lemke.name,397,0
Padberg,jerrod_corkery@mayer-rau.info,578,0
Steuber,burt@deckow-rosenbaum.info,598,1
Halvorson,reginald@mohr.biz,757,0
Bartell,karri.ryan@halvorson.net,553,0
Ankunding,dana_nitzsche@rath.info,703,1
Considine,zita@hermiston.co,505,1
Pfannerstill,isaac_pollich@crooks.biz,740,0
Rice,adaline_huel@fay.biz,618,0
Donnelly,norma@dicki.name,305,0
Hintz,wm@koch.org,527,1
Herman,ward@von.name,491,0
Dicki,damien_krajcik@oberbrunner.co,533,1
Stehr,raymond@senger.net,614,0
Brekke,ronnie.mcglynn@walker-reilly.org,690,1
Lueilwitz,sebastian.satterfield@will.co,804,1
Dare,cornell@friesen.co,782,0
Ruecker,ricardo_hayes@hyatt-konopelski.io,764,1
Powlowski,phillip_jakubowski@lesch.name,526,0
Effertz,luciana@howe-will.io,786,1
Schaden,peter.hilpert@kunze.io,797,1
Huel,audie.rogahn@murray-hammes.io,546,1
Lemke,beverly_rempel@mayert-davis.info,702,1
Kuphal,ariel.gerlach@kuvalis.io,714,1
Rolfson,marilou.abshire@bogisich-mills.info,739,1
Goyette,clarissa.brown@terry-mcglynn.io,552,0
Hoppe,apryl.reinger@brown-ankunding.com,601,0
Upton,chandra_bergstrom@lesch.biz,650,1
Wyman,mel@treutel-abshire.net,633,0
Gusikowski,emilio@crona.co,544,1
Botsford,chelsie_bogan@emmerich-lueilwitz.name,635,1
Ledner,donald@heidenreich-mcglynn.org,664,0
Mitchell,modesto@weimann.org,695,1
Windler,shannon.lind@nitzsche.info,502,1
Oberbrunner,lisa@cronin.net,526,1
Padberg,scottie_king@luettgen-schaden.com,495,0
Kirlin,spencer@bode.biz,675,1
Davis,ambrose@mohr-pagac.io,817,1
Emmerich,addie.murphy@nader.biz,788,0
Dibbert,von.willms@muller-murazik.io,614,1
Witting,rickey_gleason@kuhlman.co,618,1
McGlynn,monty.trantow@reichert.net,300,0
Schiller,levi_hessel@gerlach-aufderhar.net,572,0
Medhurst,kendall@olson-borer.net,520,0
Schmeler,harrison@stanton.co,687,1
Farrell,joselyn@gleason-simonis.info,562,1
Olson,ned_mraz@boehm.name,792,0
Paucek,ramonita@bailey-lesch.co,568,0
Cummerata,sherman_lueilwitz@hackett.com,367,0
McLaughlin,aaron@marvin.name,829,1
Graham,myron@rippin-bednar.biz,794,1
Barrows,randal_fay@boyle.net,483,0
Dare,lolita@robel-hauck.info,750,1
VonRueden,owen.ebert@gibson.com,770,0
Wisozk,milford@thompson-parker.com,657,0
Rippin,ellena@rodriguez-rice.info,379,0
Kirlin,sebrina@beatty-littel.io,340,0
Walsh,carey@wiza.co,383,0
Franecki,lacy@prohaska.co,591,1
Pouros,peter@stark.com,796,1
Wolf,maricruz_rau@terry-nitzsche.com,369,0
West,iluminada.romaguera@hills.co,394,0
Rogahn,jason.feil@jenkins-mosciski.com,653,0
Schneider,gerald.hermiston@daniel-lueilwitz.io,584,1
Deckow,jeffrey_sipes@schneider.io,448,0
Herzog,ken_leannon@dubuque-quigley.co,708,1
Lesch,delilah@balistreri-nikolaus.name,606,1
Legros,nyla@morissette-hintz.com,820,1
Ferry,derick_harber@kuhn.com,578,1
Leannon,karyl@rutherford.org,457,0
Hudson,dione@wilderman-jakubowski.net,717,0
Romaguera,kortney.heller@reichel-ortiz.io,687,1
Nicolas,isidra.hodkiewicz@fahey.net,394,0
Mayer,gilberto@crooks.biz,421,0
Koss,kristofer@mcglynn.org,542,0
Brakus,hisako@corkery.io,600,1
Pfeffer,kandi@mosciski.info,561,0
Zieme,francisco@greenholt-leuschke.info,556,1
Jones,sherri@hahn.co,673,1
Erdman,christy@lubowitz.name,696,1
Reichert,sena.reinger@miller.name,438,0
Boyer,adena@osinski.net,497,0
Bartoletti,malcom@osinski.info,765,1
Turcotte,arlen@wunsch-padberg.name,729,1
Powlowski,deon@grady-halvorson.io,662,1
Dooley,coy@considine.com,659,1
Rodriguez,faith_steuber@koepp-nikolaus.info,315,0
Dietrich,oren@shanahan.info,549,0
Lind,brittanie.haag@beer.info,566,0
Robel,leone@kunze.info,702,1
Russel,walter@prosacco.info,522,1
Wolff,mauro@schaden.net,663,1
Rau,tami.purdy@heathcote.co,714,1
White,fidela@murray.net,629,1
Jerde,matilda_jones@schmeler.co,407,0
Stark,antone.brakus@wiegand-weimann.info,555,1
Yundt,hannelore.kovacek@nolan-dibbert.info,815,1
Bradtke,devona.jenkins@zulauf.co,827,1
Daugherty,kazuko@kris.co,565,0
Jacobs,gisela@bayer-nader.net,537,1
Macejkovic,tonya@gorczany.biz,685,1
Will,cuc@terry.io,775,1
Crooks,jacques_ledner@kling-stehr.org,362,0
Cole,clark@waters.org,330,0
Kertzmann,errol.brakus@mante.net,662,1
Zboncak,rolanda.mayer@streich-mckenzie.io,592,1
Bailey,corey@emard-schaefer.io,664,0
Wehner,carter_hegmann@ledner.info,812,1
Jacobi,georgina@schulist.info,323,0
Donnelly,myron@goodwin-nader.org,486,0
Lehner,desmond_quitzon@ernser.io,394,0
Wunsch,gregoria.berge@upton.co,410,0
Ankunding,wilber@schaefer.io,616,1
Paucek,denna@schinner-ferry.info,439,0
Dare,cletus@kerluke-bauch.biz,784,0
McLaughlin,weston_schiller@stanton.info,590,1
Bode,sherron.williamson@reynolds.com,631,0
Muller,lourdes_gleichner@davis.biz,527,0
Bernhard,doyle.wiegand@walker-hilll.co,635,1
Wolff,clinton@casper.co,784,1
Mueller,alessandra@casper.info,784,1
Morar,shonna.heaney@bins-wyman.name,742,1
Blick,eldon@willms-langworth.net,661,1
Sipes,herman@kautzer.name,589,1
Koss,kieth.kuhlman@crona-willms.info,701,1
Altenwerth,tandra.ratke@mitchell.com,623,0
Stamm,amos.hyatt@spinka.com,743,1
Hamill,kelvin.heller@bayer-conn.org,511,1
Windler,rod@herman.co,674,1
O'Kon,jody@keeling.co,685,0
Hintz,stormy_jones@wolff-koss.name,764,1
Orn,tanner@howell.name,531,1
Batz,abraham.schowalter@mcdermott-champlin.name,465,0
Frami,mila@jacobs.biz,755,1
Mosciski,jonathan@grant-zieme.com,596,1
Hammes,eugene@witting-sauer.info,681,1
Williamson,kim@schroeder.org,460,0
Shields,oscar@dickinson-frami.biz,453,0
Crooks,madalyn_herman@beier.net,557,0
Mayer,johnsie@towne-kunde.info,797,1
Swift,brenton@boyle-hilll.com,308,0
Sawayn,brittni.casper@fahey-bayer.name,717,1
Stehr,mel@funk.info,801,1
Hane,elijah.herzog@boyle-douglas.biz,620,1
Koss,bernardo_zemlak@lockman.org,797,1
Gerhold,rachele_shields@olson.com,672,0
Spencer,mason@runolfsson-dubuque.org,779,0
Rath,mauro_lueilwitz@cremin-bartoletti.io,801,0
Gulgowski,elsa.heathcote@boyle.io,632,1
White,bula@shanahan-emard.com,814,1
Prosacco,ivory.cruickshank@heidenreich.com,459,0
Stiedemann,graig.stamm@prosacco.co,301,0
Ortiz,jude@bins.info,587,1
Oberbrunner,willy@stanton-blanda.co,710,1
Huels,merrilee@dare.info,794,1
Jones,jacki_koch@hammes.co,508,0
Harvey,jeana@jenkins.io,440,0
Wisozk,lovie@heidenreich-vonrueden.org,800,1
Murphy,velvet@prohaska-carter.info,428,0
Koelpin,allan@grady.io,802,1
Raynor,noel_west@shanahan-lind.org,662,0
Schowalter,charita@hoeger.name,461,0
Leannon,dorethea@anderson-oberbrunner.name,328,0
Cruickshank,irene@beahan.com,566,0
Kautzer,aubrey@cormier.co,779,0
Bartell,bell@gerlach.name,810,1
Dibbert,juliane@wiza.name,723,0
Harber,jenifer@langworth.net,452,0
Mante,yuonne@dickinson-okuneva.name,727,0
VonRueden,leigh_pagac@harber-howe.biz,654,0
Littel,wilda.hirthe@sanford.com,512,1
Braun,vernetta_leffler@bechtelar.com,376,0
Quigley,jude@jacobi-hamill.name,592,1
Reynolds,brigida@klocko.biz,792,1
Bartoletti,leigh_block@gerhold.com,839,1
Auer,timmy@cassin.info,723,1
Nitzsche,brad@bahringer-connelly.biz,677,1
Collins,isaiah.tillman@prosacco-haag.name,716,1
Kris,lori@quitzon.info,516,0
Maggio,michele@zemlak-towne.io,627,0
Schmidt,robert_monahan@runte.name,613,0
Goldner,edmund@rutherford.co,646,1
Windler,stacy@kilback.net,336,0
Kemmer,elroy@langosh.com,782,1
Aufderhar,sherwood@schuster.io,605,1
Hahn,blake_larson@wisozk.co,570,1
Donnelly,rozanne_heidenreich@bartoletti.biz,492,0
Durgan,candyce_jast@reichert.info,746,0
Mohr,lucinda@wuckert.name,757,0
Gislason,denver@kling.co,787,0
Hilpert,dallas.hermiston@sauer.io,601,0
Johns,darcy_wintheiser@flatley-little.name,542,1
Cummerata,rayford.simonis@volkman.net,832,1
Rolfson,lanora.rohan@nikolaus-pfeffer.org,570,1
Sporer,ashlie_brown@pouros-friesen.io,574,1
Marvin,sammie@barton.co,561,1
Parisian,lorina@johns-renner.io,538,1
Jacobi,liane.stark@hartmann.com,797,1
Deckow,melonie_davis@veum-herzog.biz,738,0
Schuppe,bertram_jones@rice.io,551,1
Carroll,jerry@hayes-herzog.com,562,0
Gutmann,deb@nicolas-corkery.biz,802,1
Bednar,austin.oconnell@anderson.biz,669,0
Emard,jessie@baumbach.biz,533,1
Purdy,carter@okuneva.com,321,0
Oberbrunner,gianna@waelchi.io,683,1
Rice,bernie@leuschke.io,640,1
Will,alphonso.schultz@douglas.info,721,0
Barton,jesusita@oconnell-ohara.name,605,1
Thiel,frankie_abbott@hilll.com,710,0
Conroy,drusilla@yundt.io,514,1
Lesch,trista@metz-senger.info,840,1
Deckow,foster_mraz@hettinger.name,766,1
Koch,waldo@streich.name,577,0
Hoppe,charles@kuhn.biz,412,0
Lehner,hulda@kuphal.com,784,1
Bernier,sandy.grady@cartwright-mills.org,572,0
Koelpin,shelba@quitzon.info,514,1
Weimann,janella.nitzsche@rohan.co,362,0
Von,catharine_halvorson@tremblay.com,761,0
Leannon,marcus_gutmann@boyle.io,667,1
Anderson,marcellus@wuckert.io,355,0
Adams,brendan@gusikowski-legros.biz,378,0
Gleason,jose@schimmel-pacocha.com,554,0
Fadel,jay@glover.co,680,1
Brown,brock.haley@stehr-schinner.biz,476,0
Pouros,trina@veum.org,819,1
Casper,zelda@schneider.co,419,0
Carroll,bobby@mante.co,682,0
Kovacek,johnson@welch-graham.name,646,0
Corkery,jorge@effertz.io,598,0
Erdman,collene_mann@nienow.org,780,1
O'Keefe,thresa.braun@trantow.biz,590,1
Boyer,chrystal_quitzon@kirlin.co,564,1
Tromp,ashli.dicki@ratke.com,335,0
Nolan,genevie@schoen.org,433,0
Walter,patsy_greenfelder@carroll-lang.io,306,0
Sanford,nicolas@buckridge.org,753,0
Sipes,kelvin@pfannerstill.name,582,0
Durgan,robby_bins@hilpert.net,800,1
Jacobs,rene_wuckert@brekke.info,533,1
Hudson,demetrius@murray.name,572,1
Little,jonas_stiedemann@bradtke.com,574,0
McClure,lesia.grant@lang.com,742,0
Smith,hester_dooley@toy-deckow.name,489,0
Ruecker,donnell_goyette@thiel-dach.com,694,1
Mayer,chau@yundt-gleason.co,430,0
Ryan,fausto@littel.org,686,0
Legros,kurtis@quitzon-anderson.io,670,1
Altenwerth,nakia.mcdermott@von-oconner.org,505,1
Hackett,wiley_blanda@little.net,439,0
Harber,tenesha@mayert.io,816,1
Okuneva,hilario@will.org,629,1
Prosacco,nolan@goyette.io,745,0
Bogan,florencio_labadie@smitham.io,763,1
Stokes,emmitt@auer.org,738,0
Lehner,michel_medhurst@bahringer.net,603,1
Farrell,miguel.west@lakin.info,613,0
Feil,ramonita@king.net,351,0
Haley,lavonia_ledner@oreilly.biz,504,1
Strosin,lesley.quigley@pacocha-kuphal.com,573,1
Kerluke,walton.hickle@davis.name,349,0
Donnelly,larita@daugherty.io,605,0
Runte,tomi_schuppe@keeling.net,556,1
Upton,dante.heller@boehm-kuphal.info,685,1
Bailey,alejandro.lesch@will.io,710,0
Conroy,eldridge.blick@green.name,632,1
Stracke,damion@dubuque-pollich.io,802,1
Ernser,ma.vonrueden@langosh.biz,774,1
Stoltenberg,sherrell@sporer.co,340,0
Schmeler,abe@zulauf-dach.io,647,1
Wuckert,barton_carroll@nader.org,696,0
Muller,ricki@larkin.biz,679,0
McCullough,toby@langosh.info,693,0
Reinger,margarete_gleason@kunze-christiansen.name,800,1
Schiller,barrett_kshlerin@towne.com,345,0
White,cole@marquardt.info,696,0
Dickinson,nova@herman.org,720,1
Bartell,brandee.jerde@steuber-hilpert.net,808,1
Rempel,jerold_cronin@breitenberg.info,541,1
Fahey,abbie.kerluke@stoltenberg.info,611,1
Wiegand,john.hauck@larkin.org,803,0
Klocko,isreal@schumm.net,686,1
Armstrong,rea_shanahan@hyatt.co,743,0
Cummings,graig@bergnaum.com,618,0
Kertzmann,vernon@hirthe-auer.co,690,1
Kuphal,zane.lubowitz@lynch.info,657,1
Anderson,mary@emmerich.com,722,0
McClure,stanton.torp@stracke-lehner.co,645,1
Haag,elias.romaguera@kiehn.net,805,0
Von,kevin@conroy-lueilwitz.org,809,0
Wilkinson,miranda@hackett.io,615,1
Monahan,derek_heathcote@bahringer-ullrich.biz,315,0
Senger,myron.gulgowski@johnston-waelchi.name,302,0
Boyer,tanna_prosacco@dickinson-cole.info,631,1
Koepp,thad.hayes@witting-bednar.info,510,1
Walter,herb.hermann@schneider-aufderhar.com,712,0
Altenwerth,raleigh@bauch.info,507,0
Little,krysten.wilderman@gleichner-hettinger.io,764,1
Jenkins,ayana.collier@franecki.net,538,1
McKenzie,marlin@lubowitz.net,475,0
Erdman,jami@denesik.net,809,1
Reichert,tamala@ruecker.name,796,1
Sanford,joel.effertz@rosenbaum.org,727,1
Jones,aurea@bauch.info,563,0
